Item,Cat,Data
쌀,일반계,42575
쌀,일반계,E
쌀,햇일반계,E
쌀,햇일반계,E
찹쌀,일반계,3703
찹쌀,일반계,E
콩,백태(국산),4759
콩,백태(국산),3117
콩,콩나물콩,E
콩,콩나물콩,E
콩,백태(수입),E
콩,백태(수입),E
팥,적두(국산),7611
팥,적두(국산),5167
팥,적두(수입),E
팥,적두(수입),E
녹두,국산,6583
녹두,국산,5943
녹두,수입,E
녹두,수입,E
메밀,메밀(수입),E
메밀,메밀(수입),E
고구마,밤,4920
고구마,밤,4110
감자,감자,E
감자,감자,E
감자,수미,350
감자,수미,277
감자,대지마,628
감자,대지마,550
배추,봄,E
배추,봄,E
배추,고랭지,E
배추,고랭지,E
배추,가을,E
배추,가을,E
배추,월동,2940
배추,월동,2659
양배추,양배추,4453
양배추,양배추,3213
시금치,시금치,5045
시금치,시금치,3943
상추,적,1033
상추,적,737
상추,청,973
상추,청,567
얼갈이배추,얼갈이배추,2766
얼갈이배추,얼갈이배추,1700
갓,갓,E
갓,갓,E
수박,수박,18100
수박,수박,17700
참외,참외,E
참외,참외,E
오이,가시계통,E
오이,가시계통,E
오이,다다기계통,9338
오이,다다기계통,6887
오이,취청,12740
오이,취청,9000
호박,애호박,2126
호박,애호박,1633
호박,쥬키니,1738
호박,쥬키니,1200
토마토,토마토,3868
토마토,토마토,2777
딸기,딸기,1411
딸기,딸기,1238
무,봄,E
무,봄,E
무,고랭지,E
무,고랭지,E
무,가을,E
무,가을,E
무,월동,1758
무,월동,1492
당근,당근,E
당근,당근,E
당근,무세척,2806
당근,무세척,2398
당근,세척,E
당근,세척,E
당근,세척(수입),E
당근,세척(수입),E
열무,열무,3173
열무,열무,2200
건고추,화건,18500
건고추,화건,17000
건고추,햇산화건,E
건고추,햇산화건,E
건고추,양건,23600
건고추,양건,19500
건고추,햇산양건,E
건고추,햇산양건,E
건고추,수입,E
건고추,수입,E
건고추,국산(화건),E
건고추,국산(화건),E
건고추,수입(중국),E
건고추,수입(중국),E
풋고추,풋고추,918
풋고추,풋고추,717
풋고추,꽈리고추,1436
풋고추,꽈리고추,1033
풋고추,청양고추,846
풋고추,청양고추,610
붉은고추,붉은고추,1213
붉은고추,붉은고추,880
마늘,한지1접,E
마늘,한지1접,E
마늘,난지1접,E
마늘,난지1접,E
마늘,한지kg,E
마늘,한지kg,E
마늘,난지㎏,E
마늘,난지㎏,E
마늘,깐마늘,E
마늘,깐마늘,E
마늘,햇한지1접,E
마늘,햇한지1접,E
마늘,햇난지1접,E
마늘,햇난지1접,E
마늘,쪽마늘,E
마늘,쪽마늘,E
마늘,깐마늘(수입),E
마늘,깐마늘(수입),E
마늘,수입,E
마늘,수입,E
양파,양파,2109
양파,양파,1610
양파,햇양파,E
양파,햇양파,E
양파,수입,E
양파,수입,E
파,대파,2948
파,대파,2143
파,쪽파,5532
파,쪽파,4267
생강,국산,8200
생강,국산,5553
생강,수입,E
생강,수입,E
고춧가루,국산,E
고춧가루,국산,E
고춧가루,중국,E
고춧가루,중국,E
미나리,미나리,9450
미나리,미나리,4500
깻잎,깻잎,2063
깻잎,깻잎,1500
피망,청,999
피망,청,610
파프리카,파프리카,1758
파프리카,파프리카,1467
멜론,멜론,9298
멜론,멜론,6667
방울토마토,국산,5780
방울토마토,국산,4000
참깨,백색(국산),12833
참깨,백색(국산),10165
참깨,중국,E
참깨,중국,E
참깨,인도,E
참깨,인도,E
들깨,국산,E
들깨,국산,E
들깨,수입,E
들깨,수입,E
땅콩,국산,1868
땅콩,국산,E
땅콩,수입,E
땅콩,수입,E
느타리버섯,느타리버섯,1010
느타리버섯,느타리버섯,833
팽이버섯,팽이버섯,508
팽이버섯,팽이버섯,383
새송이버섯,새송이버섯,528
새송이버섯,새송이버섯,460
호두,수입,E
호두,수입,E
아몬드,수입,E
아몬드,수입,E
사과,홍옥,E
사과,홍옥,E
사과,후지,22622
사과,후지,16074
사과,쓰가루,E
사과,쓰가루,E
사과,홍로,E
사과,홍로,E
배,신고,26304
배,신고,18363
배,만삼길,E
배,만삼길,E
배,장십랑,E
배,장십랑,E
배,원황,E
배,원황,E
복숭아,백도,E
복숭아,백도,E
복숭아,창방조생,E
복숭아,창방조생,E
복숭아,유명,E
복숭아,유명,E
포도,캠벨얼리,E
포도,캠벨얼리,E
포도,거봉,E
포도,거봉,E
포도,델라웨어,E
포도,델라웨어,E
포도,MBA,E
포도,MBA,E
포도,수입,E
포도,수입,6250
감귤,감귤,E
감귤,감귤,E
감귤,시설,E
감귤,시설,E
단감,단감,10392
단감,단감,7887
바나나,수입,288
바나나,수입,243
참다래,국산,6618
참다래,국산,5367
참다래,수입,E
참다래,수입,E
파인애플,수입,5833
파인애플,수입,4610
오렌지,수입,E
오렌지,수입,E
오렌지,네이블,12900
오렌지,네이블,E
오렌지,발렌시아,E
오렌지,발렌시아,E
자몽,수입,E
자몽,수입,14000
레몬,수입,8233
레몬,수입,7186
체리,수입,E
체리,수입,E
건포도,수입,E
건포도,수입,E
건블루베리,수입,E
건블루베리,수입,E
망고,수입,6000
망고,수입,3990
쇠고기,한우갈비,5353
쇠고기,한우갈비,E
쇠고기,한우등심,7940
쇠고기,한우등심,E
쇠고기,한우불고기,4661
쇠고기,한우불고기,E
쇠고기,미국산갈비,E
쇠고기,미국산갈비,2207
쇠고기,미국산갈비살,2580
쇠고기,미국산갈비살,E
쇠고기,미국산불고기,E
쇠고기,미국산불고기,1853
쇠고기,호주산갈비,2127
쇠고기,호주산갈비,1930
쇠고기,호주산등심,5135
쇠고기,호주산등심,1475
쇠고기,호주산불고기,1757
쇠고기,호주산불고기,1550
돼지고기,삼겹살(냉장),E
돼지고기,삼겹살(냉장),E
돼지고기,삼겹살(수입냉동),E
돼지고기,삼겹살(수입냉동),E
닭고기,도계,E
닭고기,도계,E
계란,특란,E
계란,특란,E
우유,우유,E
우유,우유,E
고등어,생선,E
고등어,생선,E
고등어,냉동,E
고등어,냉동,E
고등어,염장,E
고등어,염장,E
갈치,생선,E
갈치,생선,E
갈치,냉동,E
갈치,냉동,E
명태,생선,E
명태,생선,E
명태,냉동,E
명태,냉동,E
물오징어,생선,E
물오징어,생선,E
물오징어,냉동,E
물오징어,냉동,E
건멸치,건멸치,E
건멸치,건멸치,E
북어,황태,E
북어,황태,E
북어,먹태,E
북어,먹태,E
건오징어,건오징어,E
건오징어,건오징어,E
김,김,E
김,김,E
건미역,건미역,E
건미역,건미역,E
굴,굴,E
굴,굴,E
새우젓,새우젓,E
새우젓,새우젓,E
멸치액젓,멸치액젓,E
멸치액젓,멸치액젓,E
굵은소금,굵은소금,E
굵은소금,굵은소금,E
