,0,1,2
0,쌀,일반계,2070
1,찹쌀,일반계,3483
2,콩,백태(국산),8823
3,팥,적두(국산),16038
4,녹두,국산,13047
5,고구마,밤,4404
6,감자,수미,3623
7,감자,대지마,5900
8,배추,가을,2845
9,배추,월동,3000
10,양배추,양배추,3450
11,시금치,시금치,4770
12,상추,적,7313
13,상추,청,7043
14,얼갈이배추,얼갈이배추,1667
15,갓,갓,3169
16,수박,수박,13850
17,오이,다다기계통,6676
18,오이,취청,9653
19,호박,애호박,979
20,호박,쥬키니,946
21,토마토,토마토,4016
22,딸기,딸기,15725
23,무,가을,1439
24,무,월동,1828
25,당근,무세척,3143
26,열무,열무,2192
27,건고추,화건,30833
28,건고추,양건,39333
29,풋고추,풋고추,8100
30,풋고추,꽈리고추,10650
31,풋고추,청양고추,7550
32,붉은고추,붉은고추,14825
33,양파,양파,2086
34,파,대파,2683
35,파,쪽파,3331
36,생강,국산,6574
37,고춧가루,국산,33853
38,고춧가루,중국,11127
39,미나리,미나리,8378
40,깻잎,깻잎,15625
41,피망,청,6513
42,파프리카,파프리카,5081
43,멜론,멜론,7443
44,방울토마토,국산,4917
45,참깨,백색(국산),25667
46,참깨,중국,7053
47,참깨,인도,6000
48,땅콩,국산,18275
49,땅콩,수입,6833
50,느타리버섯,느타리버섯,10200
51,팽이버섯,팽이버섯,2963
52,새송이버섯,새송이버섯,4950
53,호두,수입,17925
54,아몬드,수입,14925
55,사과,후지,22922
56,배,신고,26333
57,포도,수입,6250
58,감귤,감귤,2638
59,단감,단감,10756
60,바나나,수입,3000
61,참다래,국산,5000
62,참다래,수입,6403
63,파인애플,수입,6000
64,오렌지,네이블,11800
65,레몬,수입,7900
66,건포도,수입,8386
67,건블루베리,수입,30625
68,망고,수입,6000
69,쇠고기,한우갈비,52275
70,쇠고기,한우등심,80843
71,쇠고기,한우불고기,45038
72,쇠고기,미국산갈비,12800
73,쇠고기,미국산갈비살,32000
74,쇠고기,호주산갈비,22900
75,쇠고기,호주산등심,51350
76,쇠고기,호주산불고기,20300
77,돼지고기,삼겹살(냉장),18975
78,돼지고기,삼겹살(수입냉동),10140
79,닭고기,도계,4788
80,계란,특란,5443
81,우유,우유,2507
82,고등어,생선,2495
83,고등어,냉동,2080
84,고등어,염장,2925
85,갈치,생선,8490
86,갈치,냉동,5490
87,명태,냉동,2173
88,물오징어,생선,4273
89,물오징어,냉동,3370
90,건멸치,건멸치,24650
91,건오징어,건오징어,38830
92,김,김,969
93,건미역,건미역,26108
94,굴,굴,20608
95,새우젓,새우젓,17182
96,멸치액젓,멸치액젓,4025
97,굵은소금,굵은소금,1482
